{
    "Best Trial": {
        "Params": {
            "batch_size": 16,
            "optimizer": "Adam",
            "lr": 6.22512563833457e-05,
            "weight_decay": 0.00021900680554061495,
            "hidden_channels": [
                4,
                8,
                16,
                32,
                48,
                64
            ]
        },
        "User Attrs": {
            "val_losses_over_folds": [
                [
                    2.1602416652194143,
                    2.1227951677593255,
                    2.0837193219619388,
                    2.0783446561655348,
                    2.070005135423333,
                    2.0556122572464353
                ],
                [
                    2.011835218886652,
                    1.9968433831570416,
                    1.9869518392890162,
                    1.9695897172894,
                    1.9615165072785328
                ],
                [
                    1.9495232874119774,
                    1.9572165710686227,
                    1.9350736197635268,
                    1.9154374945093189,
                    1.913330189575105
                ]
            ],
            "train_losses_over_folds": [
                [
                    2.174312581648105,
                    2.1474505861010678,
                    2.1118375872999695,
                    2.084103482059626,
                    2.074316871979824,
                    2.0630601591455475,
                    2.0455814327613537
                ],
                [
                    2.0343653893965996,
                    2.015753223563514,
                    2.003652539734317,
                    1.990340698012966,
                    1.983284609254107,
                    1.9704987532307203
                ],
                [
                    1.9537844282936978,
                    1.9480413170172128,
                    1.9274324921542885,
                    1.9214308997643808,
                    1.8972462019510015,
                    1.8865210971068205
                ]
            ],
            "val_accs_over_folds": [
                [
                    0.15818789454140364,
                    0.21240252506498328,
                    0.20349053100631267,
                    0.20868919420720386,
                    0.20980319346453769,
                    0.2176011882658745
                ],
                [
                    0.2357965094689937,
                    0.23876717415521723,
                    0.24322317118455256,
                    0.2499071667285555,
                    0.2539918306721129
                ],
                [
                    0.2786032689450223,
                    0.25891530460624074,
                    0.28083209509658247,
                    0.30200594353640414,
                    0.30460624071322434
                ]
            ],
            "train_accs_over_folds": [
                [
                    0.15821727019498608,
                    0.17325905292479107,
                    0.2012999071494893,
                    0.20705663881151345,
                    0.2107706592386258,
                    0.2181987000928505,
                    0.2233983286908078
                ],
                [
                    0.22079851439182915,
                    0.23751160631383472,
                    0.2488393686165274,
                    0.24976787372330547,
                    0.2531104921077066,
                    0.25589600742804086
                ],
                [
                    0.2703304864463424,
                    0.26717415521722987,
                    0.27311548458967694,
                    0.2742294838470108,
                    0.292053471964352,
                    0.2959524693650204
                ]
            ]
        }
    }
}