{
    "Best Trial": {
        "Params": {
            "batch_size": 64,
            "optimizer": "Adam",
            "lr": 0.003471886619170595,
            "weight_decay": 0.0014436943812147773,
            "hidden_channels": [
                6,
                16,
                32,
                64
            ]
        },
        "User Attrs": {
            "val_losses_over_folds": [
                [
                    2.011929750442505,
                    2.0132829116450415,
                    1.9788417948616877,
                    1.982921259270774,
                    1.920988096131219,
                    1.9018570184707642,
                    1.8841206795639462
                ],
                [
                    1.8887940578990512,
                    1.8281959229045444,
                    1.8524647884898715,
                    1.8498646583822038,
                    1.8700536059008703
                ],
                [
                    1.826413204272588,
                    1.8764889273378584,
                    1.8589998715453677,
                    1.8280087908109028,
                    1.8753775755564372
                ]
            ],
            "train_losses_over_folds": [
                [
                    2.0462958846293704,
                    2.006926195722231,
                    1.98060731316956,
                    1.9625168938032338,
                    1.9418326717027476,
                    1.9179909296438729,
                    1.8964111250890812
                ],
                [
                    1.8765134677081041,
                    1.8724221007924684,
                    1.8730621556161156,
                    1.848576223346549,
                    1.8421229409499906
                ],
                [
                    1.84497495604233,
                    1.8308918224254125,
                    1.8369481110237014,
                    1.8241828730408574,
                    1.8185403716396278
                ]
            ],
            "val_accs_over_folds": [
                [
                    0.2007057785619762,
                    0.2055580061755624,
                    0.21261579179532422,
                    0.21305690339655933,
                    0.2545213939126599,
                    0.27525363917071016,
                    0.28010586678429644
                ],
                [
                    0.2814292015880018,
                    0.29245699161887956,
                    0.2814292015880018,
                    0.2959858844287605,
                    0.2867225408028231
                ],
                [
                    0.2999558888398765,
                    0.2787825319805911,
                    0.28407587119541244,
                    0.30172033524481695,
                    0.29201588001764445
                ]
            ],
            "train_accs_over_folds": [
                [
                    0.18438464931627702,
                    0.20026466696074108,
                    0.211733568592854,
                    0.22143802382002647,
                    0.22893692104102337,
                    0.254962505513895,
                    0.2662108513453904
                ],
                [
                    0.27701808557565066,
                    0.27944419938244375,
                    0.2937803264225849,
                    0.28848698720776356,
                    0.28804587560652845
                ],
                [
                    0.30458756065284515,
                    0.2988531098367887,
                    0.30061755624172914,
                    0.30105866784296426,
                    0.3037053374503749
                ]
            ]
        }
    }
}